team_slug,qb1_name
alabama,Keelon Russell
arizona,Noah Fifita
arizona-state,Cutter Boley
arkansas,KJ Jackson
auburn,Byrum Brown
baylor,DJ Lagway
boston-college,Mason McKenzie
byu,Bear Bachmeier
california,Jaron-Keawe Sagapolutele
cincinnati,JC French IV
clemson,Tait Reynolds
colorado,Julian Lewis
duke,Walker Eget
florida,Aaron Philo
florida-state,Ashton Daniels
georgia,Gunner Stockton
georgia-tech,Alberto Mendoza
houston,Conner Weigman
illinois,Katin Houser
indiana,Josh Hoover
iowa,Hank Brown
iowa-state,Jaylen Raynor
kansas,Isaiah Marshall
kansas-state,Avery Johnson
kentucky,Kenny Minchey
louisville,Lincoln Kienholz
lsu,Sam Leavitt
maryland,Malik Washington
miami,Darian Mensah
michigan,Bryce Underwood
michigan-state,Alessio Milivojevic
minnesota,Drake Lindsey
mississippi-state,Kamario Taylor
missouri,Austin Simmons
nc-state,CJ Bailey
nebraska,Anthony Colandrea
north-carolina,Billy Edwards Jr.
northwestern,Aidan Chiles
notre-dame,CJ Carr
ohio-state,Julian Sayin
oklahoma,John Mateer
oklahoma-state,Drew Mestemaker
ole-miss,Trinidad Chambliss
oregon,Dante Moore
penn-state,Rocco Becht
pitt,Mason Heintschel
purdue,Ryan Browne
rutgers,Dylan Lonergan
smu,Kevin Jennings
south-carolina,LaNorris Sellers
stanford,Davis Warren
syracuse,Steve Angeli
tcu,Jaden Craig
tennessee,Faizon Brandon
texas,Arch Manning
texas-am,Marcel Reed
texas-tech,Will Hammond
ucf,Keyone Jenkins
ucla,Nico Iamaleava
usc,Jayden Maiava
utah,Devon Dampier
vanderbilt,Jared Curtis
virginia,Beau Pribula
virginia-tech,Ethan Grunkemeyer
wake-forest,Gio Lopez
washington,Demond Williams Jr.
west-virginia,Michael Hawkins Jr.
wisconsin,Colton Joseph
