team,conference,budget_min_m,budget_max_m,budget_mid_m,wins_2025,losses_2025,conf_wins_2025,conf_losses_2025,wins_2026,losses_2026,dollars_per_win_2025_mid_m,dollars_per_win_2026_mid_m,expected_wins_2025,wins_above_expected_2025,notes,cfbd_team,recruit_rank_2022,recruit_points_2022,recruit_rank_2023,recruit_points_2023,recruit_rank_2024,recruit_points_2024,recruit_rank_2025,recruit_points_2025,recruit_rank_2026,recruit_points_2026,recruit_rank_avg_2022_2025,recruit_points_avg_2022_2025,sp_rating_2025,sp_rank_2025,sp_offense_2025,sp_defense_2025,sp_rating_2026,sp_rank_2026,sp_offense_2026,sp_defense_2026,fpi_2025,fpi_rank_2025,fpi_2026,fpi_rank_2026,draft_picks_2024,draft_r1_2024,draft_picks_2025,draft_r1_2025,draft_picks_2026,draft_r1_2026,wins_per_recruit_point_2025,recruit_points_per_win_2025,budget_per_recruit_point_m,kn_institution,kn_url,kn_has_mfrs,kn_fy,kn_total_rev,kn_total_rev_m,kn_total_exp,kn_total_exp_m,kn_ticket_sales,kn_ticket_sales_m,kn_donations,kn_donations_m,kn_media_conference,kn_media_conference_m,kn_corp_sponsorship,kn_corp_sponsorship_m,kn_institutional_support,kn_institutional_support_m,kn_student_fees,kn_student_fees_m,kn_football_spending,kn_football_spending_m,kn_coaches_comp,kn_coaches_comp_m,kn_athlete_scholarships,kn_athlete_scholarships_m,kn_nil_rev_share_line44,kn_nil_rev_share_line44_m,kn_recruiting_exp,kn_recruiting_exp_m,kn_roster_budget_mid_m,kn_roster_as_pct_of_football_spend,kn_roster_as_pct_of_total_rev,portal_2025_transfers_in,portal_2025_avg_rating,portal_2025_star_points,portal_2025_stars_4,portal_2025_stars_5,portal_2025_rank_star_points,portal_2025_rank_avg_rating,portal_2025_rank_volume,portal_2026_transfers_in,portal_2026_avg_rating,portal_2026_star_points,portal_2026_stars_4,portal_2026_stars_5,portal_2026_rank_star_points,portal_2026_rank_avg_rating,portal_2026_rank_volume,portal_2025_rank_in_p4,portal_2026_rank_in_p4,portal_vs_hs_rank_gap_2025,on3_portal_rank_2026,on3_index_2026,on3_transfers_in_2026,on3_avg_rating_in_2026,on3_transfers_out_2026,on3_stars_4_2026,on3_stars_5_2026,247_portal_rank_2026,247_portal_points_2026,247_transfers_in_2026
Ohio State,Big Ten,49.0,54.0,51.5,12,2,9,0,1,1,4.2917,51.5,11.137,0.863,2026 early season (~2 games as of mid-Sep); sources: FDB 2025/2026 standings; Athletic NIL mid $51.5M,Ohio State,4,300.95,5,288.98,5,289.13,4,297.72,4,301.23,4.5,294.19,30.1,2,37.6,7.7,29.2,2,39.5,10.3,27.617,2,30.42,1,4,1,14,4,11,4,0.04031,24.81,0.173,The Ohio State University,https://knightnewhousedata.org/fbs/big-ten/ohio-state-university,true,2025,336077887,336.078,320661665,320.662,81650892,81.651,68955032,68.955,97839402,97.839,42770263,42.770,112280,0.112,0,0.000,92359308,92.359,59837678,59.838,36804912,36.805,0,0.000,4110006,4.110,51.5,55.76,15.32,11,0.8856,31,4,0,122,5,130,17,0.8869,54,6,0,76,7,91,60,44,-56.0,58,-17,17,70.41,32,3,0,7,50.26,17
Oregon,Big Ten,48.0,54.0,51.0,13,2,8,1,1,1,3.9231,51.0,11.061,1.939,2026 early season (~2 games as of mid-Sep); sources: FDB 2025/2026 standings; Athletic NIL mid $51.0M,Oregon,13,243.37,9,278.44,3,293.22,5,296.1,3,303.22,7.5,277.78,25.9,4,38.7,13.5,22.9,9,38.6,16,23.872,4,17.062,13,8,1,10,2,7,2,0.0439,22.78,0.1722,University of Oregon,https://knightnewhousedata.org/fbs/big-ten/university-oregon,true,2025,185420904,185.421,182702378,182.702,34920016,34.920,33164614,33.165,69211336,69.211,26607027,26.607,589167,0.589,0,0.000,60847474,60.847,44190509,44.191,22461556,22.462,0,0.000,3482608,3.483,51.0,83.82,27.50,11,0.903,40,8,0,110,1,126,13,0.885,39,3,0,114,8,119,54,59,-49.0,36,5,16,73.06,30,5,0,21,37.91,15
Texas,SEC,45.0,55.0,50.0,10,3,6,2,2,0,5.0,25.0,10.908,-0.908,2026 early season (~2 games as of mid-Sep); sources: FDB 2025/2026 standings; Athletic NIL mid $50.0M,Texas,5,289.04,3,306.31,6,286.92,1,312.27,7,291.18,3.75,298.63,16.2,17,32.9,17.9,25,6,38.7,14.2,18.576,11,30.109,2,11,2,12,3,6,0,0.03202,31.23,0.1601,University of Texas at Austin,https://knightnewhousedata.org/fbs/sec/university-texas-austin,true,2025,352547602,352.548,379284528,379.285,70984006,70.984,171165773,171.166,33603713,33.604,51956322,51.956,0,0.000,0,0.000,73881569,73.882,57050284,57.050,22614579,22.615,3235078,3.235,5785192,5.785,50.0,67.68,14.18,11,0.88,33,3,0,119,8,129,22,0.8879,70,7,1,45,4,57,58,29,-57.0,9,30,22,74.64,23,5,1,3,60.14,22
LSU,SEC,47.0,50.0,48.5,7,6,3,5,2,0,6.9286,24.25,10.679,-3.679,2026 early season (~2 games as of mid-Sep); sources: FDB 2025/2026 standings; Athletic NIL mid $48.5M,LSU,12,245.76,6,288.7,7,278.75,10,281.53,11,272.69,8.75,273.69,10.3,32,25.8,16.1,24.1,8,34.8,10.9,10.712,25,22.594,9,6,3,7,1,7,1,0.02486,40.22,0.1723,Louisiana State University,https://knightnewhousedata.org/fbs/sec/louisiana-state-university,true,2025,223457267,223.457,223429203,223.429,53627722,53.628,68683969,68.684,75445962,75.446,5056844,5.057,0,0.000,0,0.000,50738588,50.739,46785903,46.786,22921939,22.922,0,0.000,5263296,5.263,48.5,95.59,21.70,18,0.8994,65,11,0,52,2,82,44,0.8878,147,15,3,3,5,6,27,2,-17.0,2,46,43,72.93,34,10,2,1,81.58,44
Texas A&M,SEC,45.0,50.0,47.5,11,2,7,1,2,0,4.3182,23.75,10.526,0.474,2026 early season (~2 games as of mid-Sep); sources: FDB 2025/2026 standings; Athletic NIL mid $47.5M,Texas A&M,1,333.13,15,268.85,19,245.18,9,282.42,10,283.13,11,282.39,20.7,9,38,16.4,24.2,7,39.3,14.9,18.374,12,23.071,8,4,0,3,1,10,1,0.03895,25.67,0.1682,Texas A & M University,https://knightnewhousedata.org/fbs/sec/texas-m-university,true,2025,235547242,235.547,228350501,228.351,64340883,64.341,50063114,50.063,65694643,65.695,30337025,30.337,4995734,4.996,0,0.000,60230147,60.230,38240141,38.240,21127555,21.128,0,0.000,4898792,4.899,47.5,78.86,20.17,13,0.8831,44,5,0,100,7,112,19,0.8794,58,4,0,64,11,77,51,37,-42.0,3,45,19,75.58,13,6,0,12,44.10,19
Miami,ACC,44.0,50.0,47.0,13,3,6,2,2,0,3.6154,23.5,10.45,2.55,2026 early season (~2 games as of mid-Sep); sources: FDB 2025/2026 standings; Athletic NIL mid $47.0M,Miami,16,235.03,7,284.64,4,291.54,13,257.66,9,284.61,10,267.22,20.7,9,34.2,14.3,25.6,4,37.2,11.9,22.396,5,25.741,5,4,0,7,1,9,3,0.05045,19.82,0.1824,University of Miami (Florida),https://knightnewhousedata.org/fbs/acc/university-miami-florida,false,,,,,,,,,,,,,,,,,,,,,,,,,,,,47.0,,,18,0.8929,59,8,0,65,3,83,12,0.8967,43,7,0,103,2,124,33,56,-20.0,12,26,13,74.92,19,5,0,5,52.14,13
Notre Dame,Independent,41.0,48.0,44.5,10,2,,,2,0,4.45,22.25,10.068,-0.068,Independent: no conference W-L; 2026 early season (~2 games as of mid-Sep); sources: FDB 2025/2026 standings; Athletic NIL mid $44.5M,Notre Dame,7,275.44,12,272.74,9,275.57,12,270.22,5,299.28,10,273.49,24.4,5,40,16.3,29,3,41.7,13,25.279,3,27.901,3,7,1,6,0,6,2,0.03701,27.02,0.1647,University of Notre Dame,https://knightnewhousedata.org/fbs/ind/university-notre-dame,false,,,,,,,,,,,,,,,,,,,,,,,,,,,,44.5,,,8,0.87,22,1,0,145,20,150,7,0.9271,28,7,0,133,1,139,66,66,-54.0,8,32,7,88.00,16,4,0,11,44.53,7
Tennessee,SEC,41.0,43.0,42.0,8,5,4,4,2,0,5.25,21.0,9.685,-1.685,2026 early season (~2 games as of mid-Sep); sources: FDB 2025/2026 standings; Athletic NIL mid $42.0M,Tennessee,18,232.77,10,277,14,267.26,11,277.93,8,290.71,13.25,263.74,15,19,39.3,25.4,20.2,11,40.9,21.1,14.31,19,17.866,11,3,0,4,1,5,0,0.02878,34.74,0.1511,The University of Tennessee,https://knightnewhousedata.org/fbs/sec/university-tennessee,true,2025,304117549,304.118,288186290,288.186,52163720,52.164,113589853,113.590,66036392,66.036,33004839,33.005,7137633,7.138,1000000,1.000,74017787,74.018,45631967,45.632,32164244,32.164,0,0.000,7699885,7.700,42.0,56.74,13.81,7,0.8657,22,1,0,149,27,163,21,0.8695,60,1,1,59,22,63,67,35,-56.0,45,-2,22,70.00,23,2,0,26,34.23,21
Ole Miss,SEC,39.0,45.0,42.0,13,2,7,1,2,0,3.2308,21.0,9.685,3.315,2026 early season (~2 games as of mid-Sep); sources: FDB 2025/2026 standings; Athletic NIL mid $42.0M,Ole Miss,23,222.38,23,227.96,21,240.2,16,251.63,22,236.72,20.75,235.54,24,7,40.4,18.3,15.2,20,35.4,20.8,19.342,9,15.47,17,3,0,8,2,2,0,0.05166,19.36,0.1669,University of Mississippi,https://knightnewhousedata.org/fbs/sec/university-mississippi,true,2025,178621017,178.621,183768038,183.768,26582195,26.582,49849610,49.850,72796009,72.796,12457220,12.457,5734050,5.734,0,0.000,61881227,61.881,39891719,39.892,17701731,17.702,0,0.000,3295395,3.295,42.0,67.87,23.51,28,0.8768,92,8,0,21,13,36,28,0.8839,94,10,0,22,9,35,11,14,5.0,29,10,30,73.33,23,3,0,2,60.76,29
Alabama,SEC,38.0,42.0,40.0,11,4,7,1,2,0,3.6364,20.0,9.38,1.62,2026 early season (~2 games as of mid-Sep); sources: FDB 2025/2026 standings; Athletic NIL mid $40.0M,Alabama,2,322.25,1,328,2,310.75,3,298.4,2,303.79,2,314.85,14.8,20,32.2,16.1,21.2,10,33.5,11.9,19.012,10,23.24,7,10,3,7,2,10,2,0.03686,27.13,0.134,University of Alabama,https://knightnewhousedata.org/fbs/sec/university-alabama,true,2025,267435520,267.436,234739406,234.739,49107903,49.108,67428250,67.428,80066615,80.067,17233822,17.234,29988389,29.988,0,0.000,82859480,82.859,44103588,44.104,27387926,27.388,0,0.000,6162081,6.162,40.0,48.27,14.96,11,0.8791,37,4,0,112,10,127,17,0.8812,56,5,0,71,10,90,56,42,-53.0,33,6,19,70.84,23,1,0,18,40.53,20
Texas Tech,Big 12,38.0,42.0,40.0,12,2,8,1,2,0,3.3333,20.0,9.38,2.62,2026 early season (~2 games as of mid-Sep); sources: FDB 2025/2026 standings; Athletic NIL mid $40.0M,Texas Tech,43,197.4,28,222.02,25,236.09,48,201.51,18,250.26,36,214.25,27.6,3,39.3,12.3,19.1,15,35.4,16.5,21.536,6,16.068,16,2,0,2,0,9,1,0.05955,16.79,0.1985,Texas Tech University,https://knightnewhousedata.org/fbs/big-12/texas-tech-university,true,2025,145302530,145.303,144420153,144.420,19519593,19.520,42870259,42.870,39809826,39.810,20209486,20.209,14792073,14.792,0,0.000,51314926,51.315,28369666,28.370,11257219,11.257,0,0.000,2950059,2.950,40.0,77.95,27.53,21,0.8876,72,9,0,40,4,61,23,0.874,69,4,1,50,15,54,21,30,27.0,5,42,23,70.44,21,5,0,6,51.39,23
USC,Big Ten,37.0,40.0,38.5,9,4,7,2,3,0,4.2778,12.8333,9.15,-0.15,2026 early season (~2 games as of mid-Sep); sources: FDB 2025/2026 standings; Athletic NIL mid $38.5M,USC,70,165.48,8,280.44,17,253.78,14,257.02,1,310.67,27.25,239.18,16.9,16,38.9,21,19.5,12,39.3,19.5,17.962,13,18.452,10,7,1,3,0,3,1,0.03502,28.56,0.1498,University of Southern California,https://knightnewhousedata.org/fbs/pac-12/university-southern-california,false,,,,,,,,,,,,,,,,,,,,,,,,,,,,38.5,,,15,0.8713,49,4,0,90,17,103,9,0.8787,27,3,0,135,12,137,45,67,-31.0,47,-5,10,73.50,21,2,0,29,31.85,11
Indiana,Big Ten,36.0,40.0,38.0,16,0,9,0,2,0,2.375,19.0,9.074,6.926,2026 early season (~2 games as of mid-Sep); sources: FDB 2025/2026 standings; Athletic NIL mid $38.0M,Indiana,26,219.8,69,177.6,65,179.89,47,201.75,29,226.46,51.75,194.76,32.4,1,40.8,9.9,25.4,5,38.1,13.2,31.487,1,25.313,6,0,0,2,0,8,2,0.07931,12.61,0.1884,"Indiana University, Bloomington",https://knightnewhousedata.org/fbs/big-ten/indiana-university-bloomington,true,2025,183432522,183.433,173020646,173.021,29573521,29.574,26431033,26.431,80626363,80.626,11283870,11.284,27946488,27.946,0,0.000,50710163,50.710,38154517,38.155,23776624,23.777,0,0.000,2598898,2.599,38.0,74.94,20.72,23,0.8638,65,2,0,51,32,54,17,0.8873,50,5,0,87,6,95,28,51,19.0,1,53,17,76.00,11,5,0,8,48.15,17
Michigan,Big Ten,36.0,40.0,38.0,9,4,7,2,2,0,4.2222,19.0,9.074,-0.074,2026 early season (~2 games as of mid-Sep); sources: FDB 2025/2026 standings; Athletic NIL mid $38.0M,Michigan,9,262.13,17,245.13,16,261.94,6,290.87,12,270.12,12,265.02,12.4,25,30.9,17,13.8,25,30.4,16.1,14.243,20,14.449,22,13,1,7,3,6,0,0.03094,32.32,0.1306,University of Michigan,https://knightnewhousedata.org/fbs/big-ten/university-michigan,true,2025,275844115,275.844,269554079,269.554,75862287,75.862,50362101,50.362,80622683,80.623,35556501,35.557,240332,0.240,0,0.000,61663185,61.663,40544115,40.544,42819401,42.819,0,0.000,6105020,6.105,38.0,61.63,13.78,17,0.8612,50,2,0,87,43,92,17,0.8786,52,4,0,80,13,92,43,46,-37.0,65,-25,18,68.17,25,3,0,24,36.01,17
Florida,SEC,31.0,41.0,36.0,4,8,2,6,2,0,9.0,18.0,8.768,-4.768,2026 early season (~2 games as of mid-Sep); sources: FDB 2025/2026 standings; Athletic NIL mid $36.0M,Florida,17,232.99,13,271.43,13,268.25,7,287.77,17,250.98,12.5,265.11,3.5,63,24.5,22.6,19.4,13,33.4,14.5,8.194,35,16.215,15,1,1,7,0,7,1,0.0139,71.94,0.1251,University of Florida,https://knightnewhousedata.org/fbs/sec/university-florida,true,2025,221065538,221.066,200999975,201.000,47698979,47.699,53495667,53.496,76762166,76.762,10958032,10.958,8760154,8.760,2571952,2.572,52016013,52.016,38315651,38.316,22887598,22.888,0,0.000,4400799,4.401,36.0,69.21,16.28,8,0.8543,24,0,0,140,67,149,27,0.8625,73,1,0,43,37,42,65,27,-58.0,24,13,28,68.68,30,5,0,30,30.80,29
South Carolina,SEC,32.0,35.0,33.5,4,8,1,7,2,0,8.375,16.75,8.386,-4.386,2026 early season (~2 games as of mid-Sep); sources: FDB 2025/2026 standings; Athletic NIL mid $33.5M,South Carolina,25,220.16,16,256.14,22,239.75,18,244.27,14,256.43,20.25,240.08,5.9,49,24.6,20.2,16.9,17,32.6,16.1,8.965,32,14.691,21,4,1,5,0,3,0,0.01638,61.07,0.1371,University of South Carolina,https://knightnewhousedata.org/fbs/sec/university-south-carolina,true,2025,204566524,204.567,203259302,203.259,33353886,33.354,18285009,18.285,65809483,65.809,10684070,10.684,43704106,43.704,0,0.000,55859501,55.860,41421355,41.421,25574628,25.575,0,0.000,3460819,3.461,33.5,59.97,16.38,18,0.8772,59,5,0,66,12,84,27,0.8658,76,2,0,40,29,40,34,24,-16.0,28,10,29,65.72,20,1,1,19,40.09,27
Auburn,SEC,31.0,35.0,33.0,5,7,1,7,2,0,6.6,16.5,8.31,-3.31,2026 early season (~2 games as of mid-Sep); sources: FDB 2025/2026 standings; Athletic NIL mid $33.0M,Auburn,21,229.35,18,242.9,10,275.39,8,286.89,31,225.99,14.25,258.63,11.6,29,28.3,17.4,11.7,30,28.2,16.8,11.083,24,14.177,23,5,0,3,0,5,1,0.01743,57.38,0.115,Auburn University,https://knightnewhousedata.org/fbs/sec/auburn-university,true,2025,205928767,205.929,203847233,203.847,35140207,35.140,59660872,59.661,70544455,70.544,9667454,9.667,5023187,5.023,7318752,7.319,59371873,59.372,38314335,38.314,25198527,25.199,0,0.000,4451401,4.451,33.0,55.58,16.02,21,0.8755,68,6,0,45,14,62,39,0.8692,121,4,0,10,23,11,23,7,-15.0,48,-6,40,70.97,36,4,0,9,47.75,40
Nebraska,Big Ten,31.0,35.0,33.0,7,6,4,5,2,0,4.7143,16.5,8.31,-1.31,2026 early season (~2 games as of mid-Sep); sources: FDB 2025/2026 standings; Athletic NIL mid $33.0M,Nebraska,41,198.64,25,224.12,18,247.5,22,237.53,88,182.28,26.5,226.95,6.2,46,28.8,22.7,13,27,32.7,19.7,5.45,42,14.803,20,0,0,2,0,1,0,0.02947,33.93,0.1389,University of Nebraska-Lincoln,https://knightnewhousedata.org/fbs/big-ten/university-nebraska-lincoln,true,2025,215089007,215.089,212743888,212.744,40677611,40.678,48407981,48.408,93350900,93.351,17941341,17.941,0,0.000,0,0.000,72691842,72.692,36775334,36.775,27481344,27.481,0,0.000,3172140,3.172,33.0,45.40,15.34,15,0.8727,50,6,0,88,16,102,17,0.865,52,1,0,81,32,93,44,47,-22.0,32,7,16,66.88,17,1,0,31,28.58,17
Georgia,SEC,31.0,34.0,32.5,12,2,7,1,2,0,2.7083,16.25,8.233,3.767,2026 early season (~2 games as of mid-Sep); sources: FDB 2025/2026 standings; Athletic NIL mid $32.5M,Georgia,3,318.34,2,315.68,1,317.05,2,304.64,6,291.98,2,313.93,24.1,6,37,14.8,29.3,1,40.8,12.1,21.443,7,26.554,4,8,2,13,3,8,1,0.03939,25.39,0.1067,University of Georgia,https://knightnewhousedata.org/fbs/sec/university-georgia,true,2025,233526965,233.527,240263345,240.263,42141732,42.142,54249932,54.250,72871017,72.871,23506854,23.507,0,0.000,3871937,3.872,71107706,71.108,46622212,46.622,23104134,23.104,0,0.000,4979749,4.980,32.5,45.71,13.92,10,0.884,33,3,0,120,6,135,9,0.8922,31,4,0,125,3,135,59,64,-57.0,30,9,8,71.75,16,0,0,16,41.51,9
Oklahoma,SEC,28.0,34.0,31.0,10,3,6,2,1,1,3.1,31.0,8.004,1.996,2026 early season (~2 games as of mid-Sep); sources: FDB 2025/2026 standings; Athletic NIL mid $31.0M,Oklahoma,8,266.73,4,289.03,8,275.64,17,248.6,15,252.55,9.25,270.0,18.3,14,30.1,12.9,19.2,14,31.9,13.1,15.944,15,17.84,12,3,1,2,0,7,0,0.04023,24.86,0.1247,University of Oklahoma,https://knightnewhousedata.org/fbs/sec/university-oklahoma,true,2025,205670266,205.670,254538960,254.539,54512302,54.512,98240268,98.240,16550441,16.550,19200045,19.200,0,0.000,0,0.000,63821802,63.822,41373989,41.374,26375277,26.375,0,0.000,6231259,6.231,31.0,48.57,15.07,20,0.8711,60,4,0,62,18,71,16,0.8719,52,4,0,83,16,101,30,48,-13.0,16,21,17,71.65,27,2,0,17,41.46,18
Clemson,ACC,29.0,32.0,30.5,7,6,4,4,1,1,4.3571,30.5,7.928,-0.928,2026 early season (~2 games as of mid-Sep); sources: FDB 2025/2026 standings; Athletic NIL mid $30.5M,Clemson,10,260.87,11,273.39,11,272.19,26,227.23,20,243.28,14.5,258.42,9.5,34,27.5,18.9,8.1,40,27,19.2,9.454,29,5.336,45,6,1,3,0,9,2,0.03081,32.46,0.1342,Clemson University,https://knightnewhousedata.org/fbs/acc/clemson-university,true,2025,198578695,198.579,197684981,197.685,39128334,39.128,56185212,56.185,54140495,54.140,17906491,17.906,20180572,20.181,0,0.000,82950764,82.951,42796575,42.797,31937556,31.938,0,0.000,5081023,5.081,30.5,36.77,15.36,4,0.87,10,1,0,184,21,194,11,0.8582,33,0,0,124,56,129,68,62,-42.0,31,8,11,73.09,14,2,0,56,16.32,11
Penn State,Big Ten,29.0,32.0,30.5,7,6,3,6,2,0,4.3571,15.25,7.928,-0.928,2026 early season (~2 games as of mid-Sep); sources: FDB 2025/2026 standings; Athletic NIL mid $30.5M,Penn State,6,278.66,14,270.1,15,265.61,15,255.36,65,194.39,12.5,267.43,18.1,15,35.1,18.8,17.7,16,34.1,17,15.929,16,16.447,14,8,2,5,2,8,1,0.02741,36.48,0.1194,Pennsylvania State University,https://knightnewhousedata.org/fbs/big-ten/pennsylvania-state-university,true,2025,254867598,254.868,254643919,254.644,50362976,50.363,64557754,64.558,89583248,89.583,25114673,25.115,0,0.000,0,0.000,89186987,89.187,48620564,48.621,31749106,31.749,18368391,18.368,4565666,4.566,30.5,34.20,11.97,8,0.8775,26,2,0,133,11,147,38,0.8695,116,5,0,12,20,12,63,8,-48.0,34,6,38,70.92,46,7,0,4,53.77,39
Wisconsin,Big Ten,27.0,31.0,29.0,4,8,2,7,1,1,7.25,29.0,7.698,-3.698,2026 early season (~2 games as of mid-Sep); sources: FDB 2025/2026 standings; Athletic NIL mid $29.0M,Wisconsin,44,194.42,58,188.21,23,239.1,27,227.22,78,186.75,38,212.24,-4.4,85,17.4,20.9,1.9,66,21,18.8,2.537,51,2.57,54,2,0,2,0,0,0,0.0176,56.8,0.1276,University of Wisconsin-Madison,https://knightnewhousedata.org/fbs/big-ten/university-wisconsin-madison,true,2025,197927246,197.927,193630009,193.630,38384715,38.385,26219033,26.219,77920947,77.921,24757630,24.758,10421859,10.422,0,0.000,41495307,41.495,33193725,33.194,33606697,33.607,0,0.000,2366445,2.366,29.0,69.89,14.65,18,0.8661,56,2,0,74,25,85,33,0.8576,99,0,0,17,58,18,37,9,-10.0,14,22,33,67.82,23,1,0,38,25.78,33
Missouri,SEC,27.0,30.0,28.5,8,5,4,4,2,0,3.5625,14.25,7.622,0.378,2026 early season (~2 games as of mid-Sep); sources: FDB 2025/2026 standings; Athletic NIL mid $28.5M,Missouri,15,236.92,34,211.13,20,241.93,20,243.48,34,225.09,22.25,233.37,14.4,21,31.2,15.4,15.1,21,32.3,16.8,13.078,22,12.33,26,6,1,3,1,6,0,0.03286,30.43,0.1171,"University of Missouri, Columbia",https://knightnewhousedata.org/fbs/sec/university-missouri-columbia,true,2025,181867534,181.868,191001201,191.001,23397607,23.398,46492009,46.492,61763342,61.763,10413788,10.414,28212444,28.212,0,0.000,49316139,49.316,33729956,33.730,20549087,20.549,0,0.000,3077285,3.077,28.5,57.79,15.67,21,0.87,67,3,1,48,19,63,30,0.8637,94,4,0,21,33,30,25,15,-5.0,49,-8,30,69.97,26,3,0,20,39.51,30
UCLA,Big Ten,26.0,30.0,28.0,3,9,3,6,2,0,9.3333,14.0,7.546,-4.546,2026 early season (~2 games as of mid-Sep); sources: FDB 2025/2026 standings; Athletic NIL mid $28.0M,UCLA,61,175.37,37,206.15,90,157.07,46,202.28,62,196.57,58.5,185.22,-8.7,98,21.7,30.4,9.1,38,31,22,-2.444,59,7.036,37,2,1,5,0,0,0,0.01483,67.43,0.1384,"University of California, Los Angeles",https://knightnewhousedata.org/fbs/big-ten/university-california-los-angeles,true,2025,151797241,151.797,173429394,173.429,18313824,18.314,13478195,13.478,77263290,77.263,10589277,10.589,30060000,30.060,1000000,1.000,55205072,55.205,33018795,33.019,29314669,29.315,0,0.000,3500797,3.501,28.0,50.72,18.45,30,0.8614,88,0,1,26,42,29,43,0.8595,122,2,0,9,49,8,14,6,32.0,11,28,43,66.79,27,2,0,25,34.57,43
Mississippi St.,SEC,25.0,30.0,27.5,5,8,1,7,2,0,5.5,13.75,7.469,-2.469,2026 early season (~2 games as of mid-Sep); sources: FDB 2025/2026 standings; Athletic NIL mid $27.5M,Mississippi State,27,219.45,27,222.92,28,223.21,28,224.62,23,230.56,27.5,222.55,4.1,58,31.6,29,10,36,33.7,24.2,3.389,49,12.159,27,3,0,0,0,2,0,0.02226,44.92,0.1224,Mississippi State University,https://knightnewhousedata.org/fbs/sec/mississippi-state-university,true,2025,164684369,164.684,168826109,168.826,18748277,18.748,59502873,59.503,62474494,62.474,14716195,14.716,0,0.000,0,0.000,37575576,37.576,27406081,27.406,17266638,17.267,0,0.000,3214554,3.215,27.5,73.19,16.70,32,0.8683,96,3,0,15,24,22,28,0.8607,86,2,0,31,42,36,9,21,19.0,13,25,28,67.71,41,0,0,40,24.56,28
Virginia Tech,ACC,25.0,30.0,27.5,3,9,2,6,2,0,9.1667,13.75,7.469,-4.469,2026 early season (~2 games as of mid-Sep); sources: FDB 2025/2026 standings; Athletic NIL mid $27.5M,Virginia Tech,36,208.77,39,205.58,45,202.61,39,208.19,30,226.24,39.75,206.29,-10.1,105,21.4,30.8,12.7,28,33.1,20.1,-1.216,57,10.265,31,0,0,5,0,0,0,0.01441,69.4,0.1321,Virginia Polytechnic Institute and State University,https://knightnewhousedata.org/fbs/acc/virginia-polytechnic-institute-and-state-university,true,2025,161217688,161.218,156147692,156.148,23716393,23.716,38783486,38.783,48068705,48.069,14961055,14.961,8434834,8.435,15660745,15.661,44460860,44.461,26363505,26.364,25182258,25.182,0,0.000,3384357,3.384,27.5,61.85,17.06,30,0.8583,87,0,0,28,55,31,29,0.8662,88,4,0,27,26,31,16,19,23.0,10,29,28,68.04,23,3,0,27,32.58,29
Vanderbilt,SEC,25.0,28.0,26.5,10,3,6,2,2,0,2.65,13.25,7.316,2.684,2026 early season (~2 games as of mid-Sep); sources: FDB 2025/2026 standings; Athletic NIL mid $26.5M,Vanderbilt,32,212.11,52,195.39,40,207.79,76,173.04,33,225.43,50,197.08,20.3,11,39.9,21.4,10.1,35,33.3,23.7,17.048,14,6.821,38,0,0,1,0,1,0,0.05779,17.3,0.1531,Vanderbilt University,https://knightnewhousedata.org/fbs/sec/vanderbilt-university,false,,,,,,,,,,,,,,,,,,,,,,,,,,,,26.5,,,20,0.8639,57,1,0,70,31,74,18,0.8656,50,2,0,86,30,88,36,52,40.0,26,11,20,68.35,15,1,0,34,27.24,18
Florida State,ACC,23.0,30.0,26.5,5,7,2,6,1,1,5.3,26.5,7.316,-2.316,2026 early season (~2 games as of mid-Sep); sources: FDB 2025/2026 standings; Athletic NIL mid $26.5M,Florida State,20,229.46,19,237.15,12,271.76,19,244.11,16,251.54,17.5,245.62,7.2,41,29.3,21.2,7.7,44,29.5,21.5,9.396,31,7.69,36,10,1,2,0,1,0,0.02048,48.82,0.1086,Florida State University,https://knightnewhousedata.org/fbs/acc/florida-state-university,true,2025,211950623,211.951,208187039,208.187,28515039,28.515,55634744,55.635,47668816,47.669,14187618,14.188,33874294,33.874,8630739,8.631,85376878,85.377,31002721,31.003,15000336,15.000,0,0.000,2577842,2.578,26.5,31.04,12.50,22,0.8791,74,8,0,39,9,59,22,0.866,63,3,0,56,27,59,20,34,-1.0,42,-1,23,67.74,37,2,0,28,32.34,23
Georgia Tech,ACC,23.0,26.0,24.5,9,4,6,2,0,2,2.7222,,7.011,1.989,2026 early season (~2 games as of mid-Sep); sources: FDB 2025/2026 standings; Athletic NIL mid $24.5M,Georgia Tech,54,184.81,62,185.2,33,214,21,240.77,41,216.7,42.5,206.19,9.3,35,32.5,24.9,2.7,64,26.8,24.6,7.622,38,1.664,57,0,0,2,0,2,1,0.03738,26.75,0.1018,Georgia Institute of Technology,https://knightnewhousedata.org/fbs/acc/georgia-institute-technology,true,2025,156050577,156.051,155972603,155.973,15669503,15.670,38778942,38.779,55170073,55.170,218424,0.218,9551237,9.551,6947958,6.948,39791872,39.792,21785396,21.785,17601705,17.602,0,0.000,2591220,2.591,24.5,61.57,15.70,23,0.8619,68,2,0,44,40,50,19,0.8683,60,3,0,60,25,76,24,36,-3.0,54,-12,20,65.00,16,1,0,35,27.20,19
Kentucky,SEC,23.0,26.0,24.5,5,7,2,6,1,1,4.9,24.5,7.011,-2.011,2026 early season (~2 games as of mid-Sep); sources: FDB 2025/2026 standings; Athletic NIL mid $24.5M,Kentucky,14,240.16,32,212.42,24,236.86,29,224.01,60,197.21,24.75,228.36,1.8,66,25.5,23.7,6.2,52,27.4,21.2,5.127,44,4.202,50,4,0,2,1,4,0,0.02232,44.8,0.1094,University of Kentucky,https://knightnewhousedata.org/fbs/sec/university-kentucky,true,2025,185082823,185.083,192550821,192.551,48784256,48.784,32710445,32.710,83010640,83.011,7115471,7.115,203792,0.204,0,0.000,42016170,42.016,40467602,40.468,25055779,25.056,0,0.000,4008182,4.008,24.5,58.31,13.24,25,0.8728,82,7,0,33,15,44,31,0.8687,95,5,0,20,24,26,17,13,12.0,43,-1,32,67.66,22,4,0,10,47.58,32
NC State,ACC,22.0,26.0,24.0,8,5,5,4,1,1,3.0,24.0,6.934,1.066,2026 early season (~2 games as of mid-Sep); sources: FDB 2025/2026 standings; Athletic NIL mid $24.0M,NC State,64,171.26,43,204.08,27,225.02,34,214.25,49,210.28,42,203.65,4.8,55,31.4,25.5,8,41,32,23.7,5.215,43,2.441,56,2,0,1,0,2,0,0.03734,26.78,0.112,North Carolina State University,https://knightnewhousedata.org/fbs/acc/north-carolina-state-university,true,2025,141549444,141.549,134541641,134.542,26322912,26.323,36881482,36.881,48147701,48.148,2401181,2.401,9471881,9.472,7591574,7.592,38032491,38.032,31616708,31.617,15791794,15.792,0,0.000,3400675,3.401,24.0,63.10,16.96,18,0.8576,51,0,0,84,57,87,20,0.8632,57,0,0,66,34,69,39,38,-5.0,57,-16,20,67.40,16,1,0,46,21.23,20
Arkansas,SEC,22.0,25.0,23.5,2,10,0,8,1,1,11.75,23.5,6.858,-4.858,2026 early season (~2 games as of mid-Sep); sources: FDB 2025/2026 standings; Athletic NIL mid $23.5M,Arkansas,28,217.69,22,228.3,31,216.66,32,219.73,46,212.68,28.25,220.59,5.1,53,35.8,31.4,1.5,68,31.8,30.6,6.597,39,-1.736,65,2,0,2,0,4,0,0.0091,109.86,0.1069,University of Arkansas,https://knightnewhousedata.org/fbs/sec/university-arkansas,true,2025,195879595,195.880,188988863,188.989,63481717,63.482,38038437,38.038,66384279,66.384,19416571,19.417,0,0.000,0,0.000,57370871,57.371,41195915,41.196,20097703,20.098,0,0.000,3366516,3.367,23.5,40.96,12.00,31,0.8659,94,4,0,17,26,25,42,0.8592,125,3,0,7,51,10,10,5,22.0,4,44,45,68.76,39,4,0,33,27.72,43
Louisville,ACC,22.0,25.0,23.5,9,4,4,4,1,1,2.6111,23.5,6.858,2.142,2026 early season (~2 games as of mid-Sep); sources: FDB 2025/2026 standings; Athletic NIL mid $23.5M,Louisville,51,187.58,31,217.99,58,186.52,68,183.1,48,211.65,52,193.8,12.4,25,31.6,19.8,14.1,23,33.3,19.4,10.15,26,11.936,28,4,0,3,0,1,0,0.04915,20.34,0.1283,University of Louisville,https://knightnewhousedata.org/fbs/acc/university-louisville,true,2025,146912011,146.912,160408294,160.408,34240447,34.240,21203827,21.204,48957394,48.957,24645765,24.646,5965092,5.965,903695,0.904,31710311,31.710,30267040,30.267,19464202,19.464,12657868,12.658,2740473,2.740,23.5,74.11,16.00,30,0.8597,88,1,0,27,53,30,33,0.8626,96,3,0,18,36,19,15,11,53.0,7,41,34,69.59,31,6,0,13,43.16,34
TCU,Big 12,22.0,25.0,23.5,9,4,5,4,1,1,2.6111,23.5,6.858,2.142,2026 early season (~2 games as of mid-Sep); sources: FDB 2025/2026 standings; Athletic NIL mid $23.5M,TCU,45,194.07,21,235.07,34,213.87,24,229.8,47,212.6,31,218.2,8.3,37,32.9,23.9,11.3,32,31.9,20.4,9.43,30,6.346,40,3,0,2,0,3,0,0.03916,25.53,0.1023,Texas Christian University,https://knightnewhousedata.org/fbs/big-12/texas-christian-university,false,,,,,,,,,,,,,,,,,,,,,,,,,,,,23.5,,,11,0.8645,34,1,0,116,29,128,12,0.8582,33,0,0,123,55,125,57,63,-33.0,39,3,12,66.67,12,1,0,47,20.15,12
Maryland,Big Ten,21.0,25.0,23.0,3,8,1,8,2,0,7.6667,11.5,6.781,-3.781,2026 early season (~2 games as of mid-Sep); sources: FDB 2025/2026 standings; Athletic NIL mid $23.0M,Maryland,31,213.62,36,206.46,39,209.92,25,228.43,43,215.87,32.75,214.61,0.6,75,24.4,24.7,8.7,39,28.8,20.4,-1.746,58,5.521,44,2,0,6,0,1,0,0.01313,76.14,0.1007,"University of Maryland, College Park",https://knightnewhousedata.org/fbs/big-ten/university-maryland-college-park,true,2025,123997918,123.998,128662116,128.662,12806716,12.807,11311080,11.311,62908898,62.909,7906346,7.906,6428488,6.428,12230926,12.231,35502618,35.503,31543681,31.544,24694440,24.694,0,0.000,2722746,2.723,23.0,64.78,18.55,15,0.8693,46,1,0,95,22,104,14,0.8521,42,0,0,108,69,113,48,57,-23.0,40,2,14,66.14,13,0,0,64,13.71,14
Michigan St.,Big Ten,21.0,25.0,23.0,4,8,1,8,2,0,5.75,11.5,6.781,-2.781,2026 early season (~2 games as of mid-Sep); sources: FDB 2025/2026 standings; Athletic NIL mid $23.0M,Michigan State,24,221.83,24,224.87,42,203.52,57,196.1,45,213.73,36.75,211.58,-3.4,82,26.6,28.7,3.5,60,28.2,24.3,0.838,55,3.446,52,1,0,1,0,2,0,0.0204,49.02,0.1173,Michigan State University,https://knightnewhousedata.org/fbs/big-ten/michigan-state-university,true,2025,179891651,179.892,178288091,178.288,30640116,30.640,36980159,36.980,78333934,78.334,14240446,14.240,7693718,7.694,0,0.000,49998836,49.999,37369230,37.369,26228578,26.229,0,0.000,2908033,2.908,23.0,46.00,12.79,23,0.8604,70,1,0,41,45,49,28,0.8558,75,0,0,42,61,38,22,26,35.0,61,-19,29,66.17,37,0,0,55,16.78,29
Northwestern,Big Ten,21.0,25.0,23.0,6,6,4,5,1,0,3.8333,23.0,6.781,-0.781,2026 early season (~2 games as of mid-Sep); sources: FDB 2025/2026 standings; Athletic NIL mid $23.0M,Northwestern,48,191.62,47,200.11,80,165.73,66,187.75,52,204.95,60.25,186.3,5.8,51,24.4,20,7.8,42,27.1,19.8,3.514,48,2.493,55,0,0,0,0,2,0,0.03196,31.29,0.1225,Northwestern University,https://knightnewhousedata.org/fbs/big-ten/northwestern-university,false,,,,,,,,,,,,,,,,,,,,,,,,,,,,23.0,,,14,0.85,42,0,0,105,74,109,17,0.8627,49,2,0,90,35,96,52,53,14.0,35,6,17,65.88,10,1,0,42,22.49,17
Washington,Big Ten,21.0,25.0,23.0,9,4,5,4,2,0,2.5556,11.5,6.781,2.219,2026 early season (~2 games as of mid-Sep); sources: FDB 2025/2026 standings; Athletic NIL mid $23.0M,Washington,96,129.55,26,223.92,47,201.79,23,235.26,13,262.32,48,197.63,18.4,13,34.5,15.3,11.1,33,29.7,18.3,14.005,21,5.879,43,10,3,1,0,7,0,0.03826,26.14,0.0978,University of Washington,https://knightnewhousedata.org/fbs/big-ten/university-washington,true,2025,178473117,178.473,184354672,184.355,31138233,31.138,52876796,52.877,47861650,47.862,21732337,21.732,10781975,10.782,0,0.000,80545285,80.545,36295971,36.296,30485478,30.485,0,0.000,3516170,3.516,23.0,28.56,12.89,18,0.8621,49,1,0,89,39,88,14,0.8625,39,1,0,113,38,114,46,60,-23.0,55,-13,14,64.93,18,0,0,59,14.94,14
BYU,Big 12,20.0,25.0,22.5,12,2,8,1,2,0,1.875,11.25,6.705,5.295,2026 early season (~2 games as of mid-Sep); sources: FDB 2025/2026 standings; Athletic NIL mid $22.5M,BYU,55,181.5,66,179.88,44,202.7,55,197.17,21,237.33,55,190.31,15.9,18,33.9,18.8,16.8,18,33.9,17.4,15.333,17,15.368,18,1,0,0,0,2,0,0.06086,16.43,0.1141,Brigham Young University,https://knightnewhousedata.org/fbs/big-12/brigham-young-university,false,,,,,,,,,,,,,,,,,,,,,,,,,,,,22.5,,,13,0.8408,39,0,0,111,88,113,9,0.8767,30,3,0,129,14,136,55,65,0.0,15,21,9,72.33,14,0,0,39,25.30,9
North Carolina,ACC,20.0,25.0,22.5,4,8,2,6,2,0,5.625,11.25,6.705,-2.705,2026 early season (~2 games as of mid-Sep); sources: FDB 2025/2026 standings; Athletic NIL mid $22.5M,North Carolina,11,258.5,30,219.35,26,228.83,41,207.81,19,247.7,27,228.62,-6.6,91,17.2,25,6.4,51,25.5,19.5,-5.878,66,6.312,41,3,1,1,1,0,0,0.01925,51.95,0.1083,"University of North Carolina, Chapel Hill",https://knightnewhousedata.org/fbs/acc/university-north-carolina-chapel-hill,true,2025,172951034,172.951,187967260,187.967,32116531,32.117,40215448,40.215,51930806,51.931,23973222,23.973,1918664,1.919,8504951,8.505,49145748,49.146,37935724,37.936,21489966,21.490,0,0.000,4192936,4.193,22.5,45.78,13.01,39,0.8689,115,7,0,5,23,8,19,0.8611,57,0,0,68,40,78,3,39,38.0,62,-19,18,64.78,32,1,0,52,18.37,19
SMU,ACC,21.0,23.0,22.0,9,4,6,2,2,0,2.4444,11.0,6.629,2.371,2026 early season (~2 games as of mid-Sep); sources: FDB 2025/2026 standings; Athletic NIL mid $22.0M,SMU,82,146.38,72,171.15,107,142.05,31,220.85,32,225.82,73,170.11,13.4,23,34.2,19.5,15.3,19,34.3,18.6,12.495,23,13.776,24,0,0,2,0,1,0,0.04075,24.54,0.0996,Southern Methodist University,https://knightnewhousedata.org/fbs/acc/southern-methodist-university,false,,,,,,,,,,,,,,,,,,,,,,,,,,,,22.0,,,20,0.8653,60,0,0,63,28,72,15,0.8707,48,3,0,96,17,107,31,54,0.0,25,13,18,67.00,19,0,0,32,28.48,17
California,ACC,20.0,24.0,22.0,7,6,4,4,1,1,3.1429,22.0,6.629,0.371,2026 early season (~2 games as of mid-Sep); sources: FDB 2025/2026 standings; Athletic NIL mid $22.0M,California,59,175.53,79,162.74,55,190.2,69,180.41,56,202.81,65.5,177.22,-3.2,80,25.6,27.9,-0.6,73,27,27.4,-3.391,61,-1.516,64,1,0,4,0,1,0,0.0388,25.77,0.1219,"University of California, Berkeley",https://knightnewhousedata.org/fbs/acc/university-california-berkeley,true,2025,148840896,148.841,173116317,173.116,14259893,14.260,20523208,20.523,24695527,24.696,5490492,5.490,42665030,42.665,444374,0.444,46721911,46.722,31169830,31.170,28449748,28.450,0,0.000,3866291,3.866,22.0,47.09,14.78,36,0.8568,102,1,0,12,60,13,32,0.87,96,6,0,19,18,22,6,12,63.0,21,16,32,68.13,35,4,0,14,42.80,32
Virginia,ACC,20.0,24.0,22.0,11,3,7,2,2,0,2.0,11.0,6.629,4.371,2026 early season (~2 games as of mid-Sep); sources: FDB 2025/2026 standings; Athletic NIL mid $22.0M,Virginia,66,166.85,64,180.69,88,159.74,58,195.76,111,171.82,69,175.76,11.1,31,28.8,18.1,12.7,28,29.3,16.8,8.247,34,12.554,25,1,0,1,0,0,0,0.05619,17.8,0.1124,University of Virginia,https://knightnewhousedata.org/fbs/acc/university-virginia,true,2025,155120584,155.121,162066043,162.066,15902119,15.902,34618654,34.619,47352404,47.352,8166062,8.166,19881360,19.881,17335632,17.336,34257393,34.257,31027981,31.028,31097346,31.097,0,0.000,2909298,2.909,22.0,64.22,14.18,31,0.8617,92,2,0,20,41,26,31,0.8607,88,1,0,26,41,29,12,20,46.0,20,16,30,66.77,22,2,0,37,26.75,31
Baylor,Big 12,20.0,23.0,21.5,5,7,3,6,1,1,4.3,21.5,6.552,-1.552,2026 early season (~2 games as of mid-Sep); sources: FDB 2025/2026 standings; Athletic NIL mid $21.5M,Baylor,37,208.03,35,210.79,67,179.04,36,210.4,57,200.6,43.75,202.06,1.4,71,32.8,33.3,7.4,46,32.9,26.1,2.973,50,8.201,35,0,0,0,0,2,0,0.02376,42.08,0.1022,Baylor University,https://knightnewhousedata.org/fbs/big-12/baylor-university,false,,,,,,,,,,,,,,,,,,,,,,,,,,,,21.5,,,23,0.8559,67,1,0,46,62,51,31,0.86,92,2,0,23,45,27,26,16,10.0,64,-21,30,65.60,33,1,0,36,27.18,30
Rutgers,Big Ten,20.0,23.0,21.5,5,7,2,7,0,2,4.3,,6.552,-1.552,2026 early season (~2 games as of mid-Sep); sources: FDB 2025/2026 standings; Athletic NIL mid $21.5M,Rutgers,33,210.07,57,190.36,36,211.78,33,218.6,36,220.7,39.75,207.7,1,72,31.6,30.7,-2.8,80,27.9,30.8,1.453,53,-7.257,68,1,0,3,0,1,0,0.02287,43.72,0.0984,"Rutgers, The State University of New Jersey-New Brunswick",https://knightnewhousedata.org/fbs/big-ten/rutgers-state-university-new-jersey-new-brunswick,true,2025,146638066,146.638,193831838,193.832,15846777,15.847,8122577,8.123,78467243,78.467,2679994,2.680,15035273,15.035,15835271,15.835,76085134,76.085,47739809,47.740,34292268,34.292,0,0.000,3544574,3.545,21.5,28.26,14.66,19,0.8561,55,1,0,75,61,81,15,0.8507,42,0,0,106,74,108,38,58,-5.0,53,-11,19,64.58,16,1,0,81,11.50,15
Arizona State,Big 12,19.0,23.0,21.0,8,5,6,3,1,1,2.625,21.0,6.476,1.524,2026 early season (~2 games as of mid-Sep); sources: FDB 2025/2026 standings; Athletic NIL mid $21.0M,Arizona State,103,120.17,44,201.23,48,199.47,44,203.39,40,217.26,59.75,181.06,3.9,60,28.3,22.7,7.8,42,29.4,21.1,6.294,41,4.942,46,0,0,1,0,4,2,0.03933,25.42,0.1032,Arizona State University,https://knightnewhousedata.org/fbs/big-12/arizona-state-university,true,2025,166137649,166.138,164713777,164.714,17281766,17.282,22780899,22.781,44437396,44.437,20425234,20.425,47961924,47.962,11765132,11.765,56926799,56.927,34798946,34.799,25149115,25.149,0,0.000,2905241,2.905,21.0,36.89,12.64,17,0.8535,51,0,0,85,71,90,24,0.8695,69,3,0,48,21,51,40,31,4.0,37,5,25,67.36,22,3,0,22,37.54,25
Illinois,Big Ten,19.0,23.0,21.0,9,4,5,4,1,1,2.3333,21.0,6.476,2.524,2026 early season (~2 games as of mid-Sep); sources: FDB 2025/2026 standings; Athletic NIL mid $21.0M,Illinois,46,192.59,38,205.64,49,198.84,45,202.76,24,230.18,44.5,199.96,12.9,24,33.3,21.7,7.2,47,31.1,24.3,10,28,4.51,48,4,0,1,0,3,0,0.04439,22.53,0.1036,University of Illinois Urbana-Champaign,https://knightnewhousedata.org/fbs/big-ten/university-illinois-urbana-champaign,true,2025,194761178,194.761,189859538,189.860,29973328,29.973,50720205,50.720,83731680,83.732,8725169,8.725,7992967,7.993,3639531,3.640,49268450,49.268,37125493,37.125,20364250,20.364,0,0.000,3563849,3.564,21.0,42.62,10.78,18,0.8633,51,1,0,83,34,86,20,0.8556,55,1,0,72,62,71,41,43,4.0,19,16,20,66.55,29,1,0,44,22.36,20
Kansas State,Big 12,19.0,22.0,20.5,6,6,5,5,2,0,3.4167,10.25,6.399,-0.399,2026 early season (~2 games as of mid-Sep); sources: FDB 2025/2026 standings; Athletic NIL mid $20.5M,Kansas State,63,173.32,33,212.31,57,187.58,35,213.85,50,207.83,47,196.76,7,42,31.3,25,13.9,24,34.6,20.9,7.784,36,10.89,30,3,0,3,0,2,0,0.02806,35.64,0.0959,Kansas State University,https://knightnewhousedata.org/fbs/big-12/kansas-state-university,true,2025,116289549,116.290,103671290,103.671,20253371,20.253,40326537,40.327,39366884,39.367,9914071,9.914,0,0.000,0,0.000,27762499,27.762,23697164,23.697,11579979,11.580,0,0.000,2233797,2.234,20.5,73.84,17.63,16,0.8587,45,0,0,98,54,99,27,0.8604,76,1,0,41,44,41,49,25,-14.0,60,-19,28,66.32,31,2,0,45,21.41,28
Minnesota,Big Ten,18.0,22.0,20.0,8,5,5,4,1,1,2.5,20.0,6.323,1.677,2026 early season (~2 games as of mid-Sep); sources: FDB 2025/2026 standings; Athletic NIL mid $20.0M,Minnesota,49,189.38,45,201.22,37,211.62,49,200.95,28,226.67,45,200.79,1.5,70,23.8,20.8,4.7,55,25.4,20.2,1.067,54,-1.303,63,1,0,3,0,1,0,0.03981,25.12,0.0995,"University of Minnesota, Twin Cities",https://knightnewhousedata.org/fbs/big-ten/university-minnesota-twin-cities,true,2025,163605146,163.605,161202217,161.202,19598839,19.599,22376553,22.377,80560677,80.561,13006804,13.007,11657831,11.658,0,0.000,47576976,47.577,34727716,34.728,23541830,23.542,0,0.000,3287687,3.288,20.0,42.04,12.22,21,0.8628,58,0,0,69,35,66,19,0.8659,53,2,0,78,28,82,35,45,14.0,56,-14,19,62.84,18,0,0,51,18.66,19
Utah,Big 12,18.0,22.0,20.0,11,2,7,2,2,0,1.8182,10.0,6.323,4.677,2026 early season (~2 games as of mid-Sep); sources: FDB 2025/2026 standings; Athletic NIL mid $20.0M,Utah,34,209.71,20,236.08,59,184.77,40,207.85,27,226.89,38.25,209.6,22.2,8,39.7,17.5,14.8,22,34.5,19.7,20.065,8,15.104,19,5,0,1,0,3,2,0.05292,18.9,0.0962,University of Utah,https://knightnewhousedata.org/fbs/big-12/university-utah,true,2025,140252864,140.253,135560135,135.560,14035708,14.036,49862630,49.863,43714395,43.714,15717133,15.717,6168381,6.168,6458932,6.459,51792175,51.792,28061533,28.062,20026822,20.027,0,0.000,2387637,2.388,20.0,38.62,14.26,21,0.8626,61,1,0,59,37,64,17,0.8606,52,1,0,82,43,94,29,49,11.0,67,-31,17,63.82,23,0,0,43,22.38,17
West Virginia,Big 12,18.0,22.0,20.0,4,8,2,7,2,0,5.0,10.0,6.323,-2.323,2026 early season (~2 games as of mid-Sep); sources: FDB 2025/2026 standings; Athletic NIL mid $20.0M,West Virginia,35,209.05,48,199.09,46,202.08,43,205.16,25,229.51,43,203.84,-6.8,93,22.8,30,3,63,27.8,24.9,-4.064,63,1.118,59,1,0,1,0,0,0,0.0195,51.29,0.0975,West Virginia University,https://knightnewhousedata.org/fbs/big-12/west-virginia-university,true,2025,128116313,128.116,130706709,130.707,23573673,23.574,31342719,31.343,40413221,40.413,9550743,9.551,4200000,4.200,3948358,3.948,34153489,34.153,21577685,21.578,20713766,20.714,0,0.000,2482159,2.482,20.0,58.56,15.61,51,0.8541,148,1,0,2,68,3,34,0.8524,99,0,0,16,68,17,1,10,42.0,17,18,36,65.47,48,1,0,57,15.93,35
Colorado,Big 12,18.0,21.0,19.5,3,9,1,8,2,0,6.5,9.75,6.246,-3.246,2026 early season (~2 games as of mid-Sep); sources: FDB 2025/2026 standings; Athletic NIL mid $19.5M,Colorado,47,192.38,29,219.75,81,165.05,37,209.08,67,193.36,48.5,196.56,-8.3,96,22.6,29.5,3.7,59,27.2,23.1,-2.678,60,4.48,49,0,0,4,1,0,0,0.01435,69.69,0.0933,University of Colorado Boulder,https://knightnewhousedata.org/fbs/big-12/university-colorado-boulder,true,2025,161672258,161.672,161512069,161.512,27581300,27.581,19163999,19.164,38902787,38.903,12354633,12.355,41778735,41.779,1710502,1.711,42805018,42.805,23203846,23.204,18067195,18.067,0,0.000,1872537,1.873,19.5,45.56,12.06,33,0.8642,99,3,0,13,30,20,42,0.8651,129,3,0,6,31,9,7,4,30.0,18,18,42,69.09,34,4,0,23,36.72,43
Syracuse,ACC,17.0,22.0,19.5,3,9,1,7,1,1,6.5,19.5,6.246,-3.246,2026 early season (~2 games as of mid-Sep); sources: FDB 2025/2026 standings; Athletic NIL mid $19.5M,Syracuse,68,166.16,88,156.73,38,210.55,42,206.41,35,224.78,59,184.96,-13.1,115,18.8,33,1.7,67,24.7,23.4,-9.277,67,1.197,58,0,0,4,0,0,0,0.01453,68.8,0.0945,Syracuse University,https://knightnewhousedata.org/fbs/acc/syracuse-university,false,,,,,,,,,,,,,,,,,,,,,,,,,,,,19.5,,,16,0.8627,48,1,0,92,36,97,19,0.8595,57,0,0,69,50,79,47,40,-5.0,44,-1,19,63.79,20,0,0,54,17.45,18
Iowa,Big Ten,17.0,21.0,19.0,9,4,6,3,2,0,2.1111,9.5,6.17,2.83,2026 early season (~2 games as of mid-Sep); sources: FDB 2025/2026 standings; Athletic NIL mid $19.0M,Iowa,30,215.05,41,204.36,32,215.41,38,208.27,26,228.57,35.25,210.77,19.7,12,32.1,14.2,13.8,25,29.7,16.5,15.306,18,9.898,32,4,0,5,0,7,0,0.04321,23.14,0.0912,University of Iowa,https://knightnewhousedata.org/fbs/big-ten/university-iowa,true,2025,179978091,179.978,173379699,173.380,33104198,33.104,35071275,35.071,81110245,81.110,13142787,13.143,2198923,2.199,650000,0.650,50894412,50.894,38968624,38.969,22876951,22.877,0,0.000,2304738,2.305,19.0,37.33,10.56,9,0.8622,28,1,0,128,38,141,15,0.8531,39,0,0,111,65,110,61,61,-23.0,41,-1,15,66.40,8,0,0,77,12.00,15
Pitt,ACC,16.0,20.0,18.0,8,5,6,2,2,0,2.25,9.0,6.017,1.983,2026 early season (~2 games as of mid-Sep); sources: FDB 2025/2026 standings; Athletic NIL mid $18.0M,Pittsburgh,76,153.09,51,196.32,41,204.1,51,199.28,44,214.09,54.75,188.2,8.4,36,31.6,23.5,10,36,31.5,21.6,7.657,37,11.622,29,3,0,3,0,1,0,0.04014,24.91,0.0903,University of Pittsburgh,https://knightnewhousedata.org/fbs/acc/university-pittsburgh,false,,,,,,,,,,,,,,,,,,,,,,,,,,,,18.0,,,15,0.8571,42,0,0,104,59,106,16,0.8479,46,0,0,102,103,105,53,55,-2.0,63,-21,16,63.13,23,0,0,90,10.65,16
Purdue,Big Ten,16.0,20.0,18.0,2,10,0,9,1,1,9.0,18.0,6.017,-4.017,2026 early season (~2 games as of mid-Sep); sources: FDB 2025/2026 standings; Athletic NIL mid $18.0M,Purdue,38,206.4,68,179.36,29,217.71,99,147.08,55,203.29,58.5,187.64,-6.1,90,21.9,29.9,-1.2,77,25.6,27.5,-4.748,64,-0.444,62,2,0,1,0,0,0,0.0136,73.54,0.1224,Purdue University,https://knightnewhousedata.org/fbs/big-ten/purdue-university,true,2025,150536320,150.536,149650825,149.651,23576258,23.576,27693151,27.693,77715906,77.716,9176973,9.177,0,0.000,0,0.000,37193229,37.193,28043074,28.043,20213765,20.214,0,0.000,2924097,2.924,18.0,48.40,11.96,51,0.8539,147,0,0,3,70,4,29,0.8579,85,1,0,32,57,32,2,22,97.0,23,14,29,65.10,19,0,0,48,20.08,29
Stanford,ACC,16.0,20.0,18.0,4,8,3,5,1,1,4.5,18.0,6.017,-2.017,2026 early season (~2 games as of mid-Sep); sources: FDB 2025/2026 standings; Athletic NIL mid $18.0M,Stanford,19,229.74,46,200.94,30,217.17,56,196.58,37,218.95,37.75,211.11,-11.8,112,18.4,28.6,-3.9,82,22.3,25.7,-3.652,62,-4.906,67,1,0,1,0,2,0,0.02035,49.15,0.0916,Stanford University,https://knightnewhousedata.org/fbs/acc/stanford-university,false,,,,,,,,,,,,,,,,,,,,,,,,,,,,18.0,,,17,0.8524,51,0,0,86,72,91,6,0.8517,18,0,0,142,71,143,42,68,14.0,38,4,6,65.83,10,1,0,130,7.83,6
Wake Forest,ACC,16.0,20.0,18.0,9,4,4,4,2,0,2.0,9.0,6.017,2.983,2026 early season (~2 games as of mid-Sep); sources: FDB 2025/2026 standings; Athletic NIL mid $18.0M,Wake Forest,71,164.19,53,193.23,52,196.48,63,189.05,39,217.86,59.75,185.74,5.7,52,26.6,20.9,3.4,62,25.3,22,2.069,52,4.105,51,3,0,0,0,2,0,0.04761,21.01,0.0952,Wake Forest University,https://knightnewhousedata.org/fbs/acc/wake-forest-university,false,,,,,,,,,,,,,,,,,,,,,,,,,,,,18.0,,,33,0.8544,97,1,0,14,66,21,24,0.8538,72,0,0,44,64,50,8,28,55.0,50,-9,24,63.67,15,0,0,66,13.22,24
UCF,Big 12,15.0,20.0,17.5,5,7,2,7,1,1,3.5,17.5,5.941,-0.941,2026 early season (~2 games as of mid-Sep); sources: FDB 2025/2026 standings; Athletic NIL mid $17.5M,UCF,53,186.37,50,196.98,35,212.83,79,171.17,66,194.3,54.25,191.84,-1.2,76,23.2,24,5.6,53,25.4,19.7,-0.768,56,4.697,47,2,0,2,0,1,1,0.02921,34.23,0.1022,University of Central Florida,https://knightnewhousedata.org/fbs/big-12/university-central-florida,true,2025,108885089,108.885,103615446,103.615,8371974,8.372,27906716,27.907,20865983,20.866,13883426,13.883,13155214,13.155,23675952,23.676,38695139,38.695,19235338,19.235,15711017,15.711,0,0.000,2226660,2.227,17.5,45.23,16.07,38,0.855,107,2,0,9,64,10,32,0.8504,90,0,0,25,75,23,5,18,74.0,46,-2,32,63.59,34,0,0,63,13.79,32
Houston,Big 12,15.0,19.0,17.0,10,3,6,3,2,0,1.7,8.5,5.864,4.136,2026 early season (~2 games as of mid-Sep); sources: FDB 2025/2026 standings; Athletic NIL mid $17.0M,Houston,50,187.64,55,191.97,60,184,52,198.73,38,218.85,54.25,190.58,7.4,40,31.5,23,11.6,31,33.1,21.2,4.408,45,9.181,33,1,0,0,0,1,0,0.05032,19.87,0.0855,University of Houston,https://knightnewhousedata.org/fbs/big-12/university-houston,true,2025,92759096,92.759,98864678,98.865,7634760,7.635,15624294,15.624,18478012,18.478,6447110,6.447,33036328,33.036,8135241,8.135,26412924,26.413,21243605,21.244,14732880,14.733,0,0.000,1500406,1.500,17.0,64.36,18.33,28,0.8604,77,2,0,37,44,37,18,0.8587,51,0,0,85,52,87,19,50,33.0,6,41,20,70.90,16,4,0,50,19.26,19
Oklahoma St.,Big 12,15.0,19.0,17.0,1,11,0,9,1,1,17.0,17.0,5.864,-4.864,2026 early season (~2 games as of mid-Sep); sources: FDB 2025/2026 standings; Athletic NIL mid $17.0M,Oklahoma State,29,217.39,54,193.19,56,189.96,53,198.62,69,190.27,48,199.79,-15.1,121,15.2,31.6,6.7,50,29.6,23.4,-12.121,68,2.991,53,0,0,4,0,0,0,0.00503,198.62,0.0856,Oklahoma State University,https://knightnewhousedata.org/fbs/big-12/oklahoma-state-university,true,2025,150779379,150.779,156061076,156.061,11779505,11.780,78077576,78.078,47515136,47.515,7169416,7.169,0,0.000,87500,0.087,32830617,32.831,29588415,29.588,14340330,14.340,16001855,16.002,2453087,2.453,17.0,51.78,11.27,40,0.8572,108,0,0,8,58,7,55,0.8614,159,4,1,1,39,1,4,1,49.0,22,14,56,66.02,66,3,0,15,42.42,54
Kansas,Big 12,15.0,17.0,16.0,5,7,3,6,1,1,3.2,16.0,5.711,-0.711,2026 early season (~2 games as of mid-Sep); sources: FDB 2025/2026 standings; Athletic NIL mid $16.0M,Kansas,116,106.28,73,169.88,43,203,72,178.35,61,196.96,76,164.38,4.1,58,30.9,28.5,4.7,55,29.5,25.4,4.37,46,0.861,60,2,0,2,0,2,0,0.02803,35.67,0.0897,University of Kansas,https://knightnewhousedata.org/fbs/big-12/university-kansas,true,2025,143856096,143.856,148361190,148.361,26751470,26.751,43525195,43.525,48054405,48.054,12147484,12.147,1892752,1.893,0,0.000,34516494,34.516,33069745,33.070,20036083,20.036,0,0.000,2440879,2.441,16.0,46.35,11.12,27,0.854,78,0,0,36,69,38,31,0.8562,92,0,0,24,60,28,18,17,54.0,52,-11,31,62.68,25,0,0,53,18.14,31
Arizona,Big 12,13.0,18.0,15.5,9,4,7,3,1,1,1.7222,15.5,5.635,3.365,2026 early season (~2 games as of mid-Sep); sources: FDB 2025/2026 standings; Athletic NIL mid $15.5M,Arizona,22,224.38,40,204.72,85,162.29,50,200.65,42,216.67,49.25,198.01,12,28,33,19.5,10.3,34,31.5,20.7,10.097,27,6.02,42,3,1,4,1,4,0,0.04485,22.29,0.0772,University of Arizona,https://knightnewhousedata.org/fbs/big-12/university-arizona,true,2025,143291388,143.291,142907872,142.908,23137352,23.137,33978017,33.978,37837493,37.837,5639702,5.640,31382738,31.383,3172565,3.173,39897621,39.898,29406124,29.406,25152233,25.152,0,0.000,3399514,3.400,15.5,38.85,10.82,30,0.8545,89,0,0,24,65,28,22,0.8586,64,1,0,54,53,58,13,33,37.0,27,11,23,64.96,21,0,0,49,19.42,23
Cincinnati,Big 12,14.0,16.0,15.0,7,6,5,4,2,0,2.1429,7.5,5.559,1.441,2026 early season (~2 games as of mid-Sep); sources: FDB 2025/2026 standings; Athletic NIL mid $15.0M,Cincinnati,42,197.75,75,167.89,51,196.87,61,189.52,58,199.89,57.25,188.01,4.5,56,30.2,26.4,7.6,45,31.2,23.9,3.683,47,8.641,34,1,0,1,0,4,0,0.03694,27.07,0.0791,University of Cincinnati,https://knightnewhousedata.org/fbs/big-12/university-cincinnati,true,2025,118516168,118.516,119327107,119.327,12789585,12.790,17663080,17.663,20634363,20.634,6831880,6.832,51740793,51.741,0,0.000,30199813,30.200,18689891,18.690,15512234,15.512,0,0.000,1999977,2.000,15.0,49.67,12.66,20,0.8553,60,1,0,64,63,73,23,0.8585,66,1,0,52,54,55,32,32,29.0,51,-9,23,62.26,19,0,0,41,23.88,23
Iowa State,Big 12,13.0,17.0,15.0,8,4,5,4,1,1,1.875,15.0,5.559,2.441,2026 early season (~2 games as of mid-Sep); sources: FDB 2025/2026 standings; Athletic NIL mid $15.0M,Iowa State,39,205.08,42,204.14,53,192.29,54,197.45,54,203.31,47,199.74,9.9,33,28.1,19.5,3.5,60,23.9,20.8,8.627,33,0.762,61,1,0,4,0,1,0,0.04052,24.68,0.076,Iowa State University,https://knightnewhousedata.org/fbs/big-12/iowa-state-university,true,2025,117990108,117.990,117984063,117.984,23693203,23.693,29359925,29.360,47338529,47.339,2281324,2.281,0,0.000,1819397,1.819,33289781,33.290,24320087,24.320,15199376,15.199,0,0.000,1457184,1.457,15.0,45.06,12.71,8,0.8637,25,1,0,137,33,148,48,0.8514,140,0,0,5,72,5,64,3,-10.0,68,-60,50,64.30,54,1,0,67,13.20,48
Duke,ACC,12.0,15.0,13.5,9,5,6,2,2,0,1.5,6.75,5.329,3.671,2026 early season (~2 games as of mid-Sep); sources: FDB 2025/2026 standings; Athletic NIL mid $13.5M,Duke,52,186.78,56,191.8,61,183.9,30,220.94,71,189.26,49.75,195.86,6.6,44,34.8,29.2,6.9,48,32.5,26,6.398,40,6.584,39,3,1,0,0,3,0,0.04074,24.55,0.0611,Duke University,https://knightnewhousedata.org/fbs/acc/duke-university,false,,,,,,,,,,,,,,,,,,,,,,,,,,,,13.5,,,9,0.8578,28,1,0,129,56,142,19,0.8563,57,0,0,70,59,80,62,41,-32.0,66,-29,20,62.85,17,1,0,62,13.89,19
Boston College,ACC,8.0,13.0,10.5,2,10,1,7,1,1,5.25,10.5,4.871,-2.871,2026 early season (~2 games as of mid-Sep); sources: FDB 2025/2026 standings; Athletic NIL mid $10.5M,Boston College,40,202.55,61,185.3,95,153.23,59,195.09,53,204.06,63.75,184.04,-8.5,97,23.3,33.1,-3.3,81,24.2,27.9,-5.231,65,-3.875,66,2,0,3,0,4,0,0.01025,97.55,0.0538,Boston College,https://knightnewhousedata.org/fbs/acc/boston-college,false,,,,,,,,,,,,,,,,,,,,,,,,,,,,10.5,,,15,0.8521,45,0,0,99,73,105,26,0.8528,77,0,0,39,66,45,50,23,9.0,59,-18,27,64.52,29,0,0,60,14.17,26
